scenario_id,retrofit,hp_type,climate_zone,hdd,envelope_class,price_scenario,npv,annual_savings,payback_years,baseline_gas_therms,hp_electricity_kwh,baseline_emissions_kg,hp_emissions_kg,emissions_reduction_kg,total_investment,viability_score,is_viable
0,none,standard,Mild,3000,Poor,low,-11999.918158472303,0.007884800000000025,1521915.5844155797,0.42240000000000005,4.12544,2.2387200000000003,1.59241984,0.6463001600000002,12000,0.9016666666666666,True
1,none,standard,Mild,3000,Poor,base,-12001.172087593122,-0.11292160000000001,999.0,0.42240000000000005,4.12544,2.2387200000000003,1.59241984,0.6463001600000002,12000,0.5963880952380951,True
2,none,standard,Mild,3000,Poor,high,-12002.84399308756,-0.27399680000000004,999.0,0.42240000000000005,4.12544,2.2387200000000003,1.59241984,0.6463001600000002,12000,0.18934999999999996,False
3,none,standard,Mild,3000,Medium,low,-11999.927458645901,0.006988800000000017,1717032.9670329627,0.3744,3.65664,1.98432,1.41146304,0.5728569600000002,12000,0.6672333333333332,True
4,none,standard,Mild,3000,Medium,base,-12001.03889582118,-0.10008959999999995,999.0,0.3744,3.65664,1.98432,1.41146304,0.5728569600000002,12000,0.4413271904761904,False
5,none,standard,Mild,3000,Medium,high,-12002.52081205488,-0.2428608,999.0,0.3744,3.65664,1.98432,1.41146304,0.5728569600000002,12000,0.14011899999999997,False
6,none,standard,Mild,3000,Good,low,-11999.936758819504,0.006092800000000009,1969537.8151260475,0.3264,3.18784,1.7299200000000001,1.23050624,0.49941376000000015,12000,0.44181666666666664,False
7,none,standard,Mild,3000,Good,base,-12000.905704049232,-0.08725759999999994,999.0,0.3264,3.18784,1.7299200000000001,1.23050624,0.49941376000000015,12000,0.2922301666666666,False
8,none,standard,Mild,3000,Good,high,-12002.197631022205,-0.21172479999999994,999.0,0.3264,3.18784,1.7299200000000001,1.23050624,0.49941376000000015,12000,0.09278149999999998,False
9,none,standard,Moderate,5000,Poor,low,-11999.829496817294,0.0164266666666667,730519.480519479,0.88,8.594666666666667,4.664,3.3175413333333337,1.346458666666666,12000,0.7050000000000001,True
10,none,standard,Moderate,5000,Poor,base,-12002.441849152343,-0.23525333333333343,999.0,0.88,8.594666666666667,4.664,3.3175413333333337,1.346458666666666,12000,0.46630714285714286,False
11,none,standard,Moderate,5000,Poor,high,-12005.924985599075,-0.5708266666666666,999.0,0.88,8.594666666666667,4.664,3.3175413333333337,1.346458666666666,12000,0.14805,False
12,none,standard,Moderate,5000,Medium,low,-11999.848872178967,0.014560000000000017,824175.8241758232,0.78,7.618000000000001,4.134,2.9405480000000006,1.1934519999999997,12000,0.5217,True
13,none,standard,Moderate,5000,Medium,base,-12002.164366294124,-0.20852000000000026,999.0,0.78,7.618000000000001,4.134,2.9405480000000006,1.1934519999999997,12000,0.34506728571428574,False
14,none,standard,Moderate,5000,Medium,high,-12005.251691780999,-0.5059600000000004,999.0,0.78,7.618000000000001,4.134,2.9405480000000006,1.1934519999999997,12000,0.10955699999999999,False
15,none,standard,Moderate,5000,Good,low,-11999.868247540635,0.012693333333333223,945378.1512605124,0.68,6.641333333333335,3.604,2.563554666666667,1.040445333333333,12000,0.34545000000000003,False
16,none,standard,Moderate,5000,Good,base,-12001.886883435902,-0.18178666666666687,999.0,0.68,6.641333333333335,3.604,2.563554666666667,1.040445333333333,12000,0.2284905,False
17,none,standard,Moderate,5000,Good,high,-12004.57839796292,-0.44109333333333356,999.0,0.68,6.641333333333335,3.604,2.563554666666667,1.040445333333333,12000,0.0725445,False
18,none,standard,Cold,7000,Poor,low,-12001.829398854461,-0.17624847058823545,999.0,1.4784,16.987105882352942,7.83552,6.557022870588236,1.2784971294117637,12000,0.5083333333333333,True
19,none,standard,Cold,7000,Poor,base,-12007.805033928396,-0.7519548235294122,999.0,1.4784,16.987105882352942,7.83552,6.557022870588236,1.2784971294117637,12000,0.3362261904761904,False
20,none,standard,Cold,7000,Poor,high,-12015.772547360315,-1.5195632941176473,999.0,1.4784,16.987105882352942,7.83552,6.557022870588236,1.2784971294117637,12000,0.10674999999999997,False
21,none,standard,Cold,7000,Medium,low,-12001.621512620997,-0.15622023529411755,999.0,1.3103999999999998,15.056752941176468,6.945119999999998,5.811906635294116,1.133213364705882,12000,0.37616666666666665,False
22,none,standard,Cold,7000,Medium,base,-12006.918098254715,-0.666505411764706,999.0,1.3103999999999998,15.056752941176468,6.945119999999998,5.811906635294116,1.133213364705882,12000,0.2488073809523809,False
23,none,standard,Cold,7000,Medium,high,-12013.980212433002,-1.3468856470588233,999.0,1.3103999999999998,15.056752941176468,6.945119999999998,5.811906635294116,1.133213364705882,12000,0.07899499999999998,False
24,none,standard,Cold,7000,Good,low,-12001.413626387537,-0.1361920000000001,999.0,1.1424,13.126400000000002,6.0547200000000005,5.066790400000001,0.9879295999999993,12000,0.24908333333333332,False
25,none,standard,Cold,7000,Good,base,-12006.031162581035,-0.5810560000000002,999.0,1.1424,13.126400000000002,6.0547200000000005,5.066790400000001,0.9879295999999993,12000,0.1647508333333333,False
26,none,standard,Cold,7000,Good,high,-12012.187877505694,-1.1742080000000006,999.0,1.1424,13.126400000000002,6.0547200000000005,5.066790400000001,0.9879295999999993,12000,0.052307499999999986,False
27,none,cold_climate,Mild,3000,Poor,low,-15000.16284793777,-0.0156891428571429,999.0,0.42240000000000005,4.420114285714287,2.2387200000000003,1.7061641142857147,0.5325558857142856,15000,0.9016666666666666,True
28,none,cold_climate,Mild,3000,Poor,base,-15001.600294157693,-0.15417600000000015,999.0,0.42240000000000005,4.420114285714287,2.2387200000000003,1.7061641142857147,0.5325558857142856,15000,0.5963880952380951,True
29,none,cold_climate,Mild,3000,Poor,high,-15003.516889117593,-0.33882514285714305,999.0,0.42240000000000005,4.420114285714287,2.2387200000000003,1.7061641142857147,0.5325558857142856,15000,0.18934999999999996,False
30,none,cold_climate,Mild,3000,Medium,low,-15000.144342490295,-0.013906285714285704,999.0,0.3744,3.9178285714285717,1.98432,1.5122818285714288,0.4720381714285713,15000,0.6672333333333332,True
31,none,cold_climate,Mild,3000,Medium,base,-15001.418442548864,-0.13665600000000006,999.0,0.3744,3.9178285714285717,1.98432,1.5122818285714288,0.4720381714285713,15000,0.4413271904761904,False
32,none,cold_climate,Mild,3000,Medium,high,-15003.11724262696,-0.30032228571428576,999.0,0.3744,3.9178285714285717,1.98432,1.5122818285714288,0.4720381714285713,15000,0.14011899999999997,False
33,none,cold_climate,Mild,3000,Good,low,-15000.12583704282,-0.012123428571428563,999.0,0.3264,3.4155428571428574,1.7299200000000001,1.3183995428571431,0.411520457142857,15000,0.44181666666666664,False
34,none,cold_climate,Mild,3000,Good,base,-15001.236590940036,-0.11913600000000002,999.0,0.3264,3.4155428571428574,1.7299200000000001,1.3183995428571431,0.411520457142857,15000,0.2922301666666666,False
35,none,cold_climate,Mild,3000,Good,high,-15002.717596136325,-0.2618194285714286,999.0,0.3264,3.4155428571428574,1.7299200000000001,1.3183995428571431,0.411520457142857,15000,0.09278149999999998,False
36,none,cold_climate,Moderate,5000,Poor,low,-15000.339266537017,-0.03268571428571432,999.0,0.88,9.20857142857143,4.664,3.5545085714285722,1.1094914285714275,15000,0.7050000000000001,True
37,none,cold_climate,Moderate,5000,Poor,base,-15003.333946161863,-0.32120000000000026,999.0,0.88,9.20857142857143,4.664,3.5545085714285722,1.1094914285714275,15000,0.46630714285714286,False
38,none,cold_climate,Moderate,5000,Poor,high,-15007.32685232832,-0.7058857142857147,999.0,0.88,9.20857142857143,4.664,3.5545085714285722,1.1094914285714275,15000,0.14805,False
39,none,cold_climate,Moderate,5000,Medium,low,-15000.300713521448,-0.028971428571428648,999.0,0.78,8.16214285714286,4.134,3.1505871428571437,0.9834128571428566,15000,0.5217,True
40,none,cold_climate,Moderate,5000,Medium,base,-15002.95508864347,-0.2847000000000004,999.0,0.78,8.16214285714286,4.134,3.1505871428571437,0.9834128571428566,15000,0.34506728571428574,False
41,none,cold_climate,Moderate,5000,Medium,high,-15006.494255472833,-0.6256714285714291,999.0,0.78,8.16214285714286,4.134,3.1505871428571437,0.9834128571428566,15000,0.10955699999999999,False
42,none,cold_climate,Moderate,5000,Good,low,-15000.262160505878,-0.025257142857142978,999.0,0.68,7.115714285714287,3.604,2.746665714285715,0.8573342857142849,15000,0.34545000000000003,False
43,none,cold_climate,Moderate,5000,Good,base,-15002.576231125082,-0.2482000000000002,999.0,0.68,7.115714285714287,3.604,2.746665714285715,0.8573342857142849,15000,0.2284905,False
44,none,cold_climate,Moderate,5000,Good,high,-15005.661658617344,-0.5454571428571433,999.0,0.68,7.115714285714287,3.604,2.746665714285715,0.8573342857142849,15000,0.0725445,False
45,none,cold_climate,Cold,7000,Poor,low,-15002.836943712271,-0.27331764705882367,999.0,1.4784,18.200470588235294,7.83552,7.025381647058824,0.8101383529411761,15000,0.5083333333333333,True
46,none,cold_climate,Cold,7000,Poor,base,-15009.56823742957,-0.9218258823529415,999.0,1.4784,18.200470588235294,7.83552,7.025381647058824,0.8101383529411761,15000,0.3362261904761904,False
47,none,cold_climate,Cold,7000,Poor,high,-15018.543295719299,-1.7865035294117648,999.0,1.4784,18.200470588235294,7.83552,7.025381647058824,0.8101383529411761,15000,0.10674999999999997,False
48,none,cold_climate,Cold,7000,Medium,low,-15002.51456374497,-0.24225882352941164,999.0,1.3103999999999998,16.132235294117645,6.945119999999998,6.227042823529412,0.7180771764705867,15000,0.37616666666666665,False
49,none,cold_climate,Cold,7000,Medium,base,-15008.48093772166,-0.8170729411764708,999.0,1.3103999999999998,16.132235294117645,6.945119999999998,6.227042823529412,0.7180771764705867,15000,0.2488073809523809,False
50,none,cold_climate,Cold,7000,Medium,high,-15016.436103023925,-1.5834917647058822,999.0,1.3103999999999998,16.132235294117645,6.945119999999998,6.227042823529412,0.7180771764705867,15000,0.07899499999999998,False
51,none,cold_climate,Cold,7000,Good,low,-15002.192183777664,-0.21120000000000005,999.0,1.1424,14.064000000000002,6.0547200000000005,5.428704000000001,0.6260159999999999,15000,0.24908333333333332,False
52,none,cold_climate,Cold,7000,Good,base,-15007.393638013755,-0.7123200000000003,999.0,1.1424,14.064000000000002,6.0547200000000005,5.428704000000001,0.6260159999999999,15000,0.1647508333333333,False
53,none,cold_climate,Cold,7000,Good,high,-15014.328910328546,-1.3804800000000004,999.0,1.1424,14.064000000000002,6.0547200000000005,5.428704000000001,0.6260159999999999,15000,0.052307499999999986,False
54,air_sealing,standard,Mild,3000,Poor,low,-14499.404310594819,0.05739008000000001,252656.90516549197,0.42240000000000005,3.5066240000000004,2.2387200000000003,1.3535568640000002,0.8851631360000001,14500,0.9016666666666666,True
55,air_sealing,standard,Mild,3000,Poor,base,-14500.272853807523,-0.026287359999999982,999.0,0.42240000000000005,3.5066240000000004,2.2387200000000003,1.3535568640000002,0.8851631360000001,14500,0.5963880952380951,True
56,air_sealing,standard,Mild,3000,Poor,high,-14501.430911424475,-0.13785728000000008,999.0,0.42240000000000005,3.5066240000000004,2.2387200000000003,1.3535568640000002,0.8851631360000001,14500,0.18934999999999996,False
57,air_sealing,standard,Mild,3000,Medium,low,-14499.623821263753,0.03624191999999998,400089.1784982696,0.3744,3.2909760000000006,1.98432,1.2703167360000003,0.7140032639999998,14500,0.6672333333333332,True
58,air_sealing,standard,Mild,3000,Medium,base,-14500.507530402416,-0.0488966400000001,999.0,0.3744,3.2909760000000006,1.98432,1.2703167360000003,0.7140032639999998,14500,0.4413271904761904,False
59,air_sealing,standard,Mild,3000,Medium,high,-14501.685809253966,-0.16241472000000012,999.0,0.3744,3.2909760000000006,1.98432,1.2703167360000003,0.7140032639999998,14500,0.14011899999999997,False
60,air_sealing,standard,Mild,3000,Good,low,-14499.804404063185,0.01884415999999997,769469.1617986698,0.3264,3.0284480000000005,1.7299200000000001,1.1689809280000003,0.5609390719999998,14500,0.44181666666666664,False
61,air_sealing,standard,Mild,3000,Good,base,-14500.674083225671,-0.06494272000000001,999.0,0.3264,3.0284480000000005,1.7299200000000001,1.1689809280000003,0.5609390719999998,14500,0.2922301666666666,False
62,air_sealing,standard,Mild,3000,Good,high,-14501.833655442315,-0.17665856000000002,999.0,0.3264,3.0284480000000005,1.7299200000000001,1.1689809280000003,0.5609390719999998,14500,0.09278149999999998,False
63,air_sealing,standard,Moderate,5000,Poor,low,-14498.758980405866,0.1195626666666667,121275.31447943613,0.88,7.305466666666667,4.664,2.8199101333333334,1.8440898666666663,14500,0.7050000000000001,True
64,air_sealing,standard,Moderate,5000,Poor,base,-14500.56844543235,-0.054765333333333444,999.0,0.88,7.305466666666667,4.664,2.8199101333333334,1.8440898666666663,14500,0.46630714285714286,False
65,air_sealing,standard,Moderate,5000,Poor,high,-14502.981065467653,-0.2872026666666667,999.0,0.88,7.305466666666667,4.664,2.8199101333333334,1.8440898666666663,14500,0.14805,False
66,air_sealing,standard,Moderate,5000,Medium,low,-14499.216294299486,0.07550400000000013,192042.805679169,0.78,6.8562,4.134,2.6464932,1.4875068000000002,14500,0.5217,True
67,air_sealing,standard,Moderate,5000,Medium,base,-14501.057355005034,-0.10186800000000007,999.0,0.78,6.8562,4.134,2.6464932,1.4875068000000002,14500,0.34506728571428574,False
68,air_sealing,standard,Moderate,5000,Medium,high,-14503.51210261243,-0.3383640000000001,999.0,0.78,6.8562,4.134,2.6464932,1.4875068000000002,14500,0.10955699999999999,False
69,air_sealing,standard,Moderate,5000,Good,low,-14499.592508464963,0.039258666666666664,369345.197663361,0.68,6.309266666666667,3.604,2.4353769333333335,1.1686230666666666,14500,0.34545000000000003,False
70,air_sealing,standard,Moderate,5000,Good,base,-14501.404340053477,-0.13529733333333338,999.0,0.68,6.309266666666667,3.604,2.4353769333333335,1.1686230666666666,14500,0.2284905,False
71,air_sealing,standard,Moderate,5000,Good,high,-14503.820115504828,-0.3680386666666666,999.0,0.68,6.309266666666667,3.604,2.4353769333333335,1.1686230666666666,14500,0.0725445,False
72,air_sealing,standard,Cold,7000,Poor,low,-14499.713554653055,0.027596799999999755,525423.2374768136,1.4784,14.439040000000002,7.83552,5.573469440000001,2.2620505599999987,14500,0.5083333333333333,True
73,air_sealing,standard,Cold,7000,Poor,base,-14504.102306575936,-0.3952256000000003,999.0,1.4784,14.439040000000002,7.83552,5.573469440000001,2.2620505599999987,14500,0.3362261904761904,False
74,air_sealing,standard,Cold,7000,Poor,high,-14509.953975806446,-0.9589888000000006,999.0,1.4784,14.439040000000002,7.83552,5.573469440000001,2.2620505599999987,14500,0.10674999999999997,False
75,air_sealing,standard,Cold,7000,Medium,low,-14500.37124104744,-0.03576621176470596,999.0,1.3103999999999998,13.551077647058822,6.945119999999998,5.230715971764705,1.7144040282352933,14500,0.37616666666666665,False
76,air_sealing,standard,Cold,7000,Medium,base,-14504.730123000989,-0.45571087058823534,999.0,1.3103999999999998,13.551077647058822,6.945119999999998,5.230715971764705,1.7144040282352933,14500,0.2488073809523809,False
77,air_sealing,standard,Cold,7000,Medium,high,-14510.541965605726,-1.0156370823529413,999.0,1.3103999999999998,13.551077647058822,6.945119999999998,5.230715971764705,1.7144040282352933,14500,0.07899499999999998,False
78,air_sealing,standard,Cold,7000,Good,low,-14500.86863621445,-0.08368640000000005,999.0,1.1424,12.470080000000001,6.0547200000000005,4.81345088,1.2412691200000001,14500,0.24908333333333332,False
79,air_sealing,standard,Cold,7000,Good,base,-14505.077429778124,-0.48917120000000014,999.0,1.1424,12.470080000000001,6.0547200000000005,4.81345088,1.2412691200000001,14500,0.1647508333333333,False
80,air_sealing,standard,Cold,7000,Good,high,-14510.689154529698,-1.0298176000000003,999.0,1.1424,12.470080000000001,6.0547200000000005,4.81345088,1.2412691200000001,14500,0.052307499999999986,False
81,air_sealing,cold_climate,Mild,3000,Poor,low,-17499.61229664046,0.03735222857142856,468512.8751162678,0.42240000000000005,3.7570971428571434,2.2387200000000003,1.4502394971428574,0.7884805028571429,17500,0.9016666666666666,True
82,air_sealing,cold_climate,Mild,3000,Poor,base,-17500.636829387415,-0.061353600000000064,999.0,0.42240000000000005,3.7570971428571434,2.2387200000000003,1.4502394971428574,0.7884805028571429,17500,0.5963880952380951,True
83,air_sealing,cold_climate,Mild,3000,Poor,high,-17502.002873050005,-0.1929613714285715,999.0,0.42240000000000005,3.7570971428571434,2.2387200000000003,1.4502394971428574,0.7884805028571429,17500,0.18934999999999996,False
84,air_sealing,cold_climate,Mild,3000,Medium,low,-17499.81901672371,0.017436342857142795,1003650.8311048225,0.3744,3.5260457142857153,1.98432,1.361053645714286,0.623266354285714,17500,0.6672333333333332,True
85,air_sealing,cold_climate,Mild,3000,Medium,base,-17500.849122457334,-0.08180640000000017,999.0,0.3744,3.5260457142857153,1.98432,1.361053645714286,0.623266354285714,17500,0.4413271904761904,False
86,air_sealing,cold_climate,Mild,3000,Medium,high,-17502.222596768843,-0.21413005714285738,999.0,0.3744,3.5260457142857153,1.98432,1.361053645714286,0.623266354285714,17500,0.14011899999999997,False
87,air_sealing,cold_climate,Mild,3000,Good,low,-17499.984028375333,0.0015387428571428385,11372920.38027346,0.3264,3.2447657142857147,1.7299200000000001,1.252479565714286,0.47744043428571414,17500,0.44181666666666664,False
88,air_sealing,cold_climate,Mild,3000,Good,base,-17500.98842577193,-0.09522720000000001,999.0,0.3264,3.2447657142857147,1.7299200000000001,1.252479565714286,0.47744043428571414,17500,0.2922301666666666,False
89,air_sealing,cold_climate,Mild,3000,Good,high,-17502.327622300734,-0.22424845714285724,999.0,0.3264,3.2447657142857147,1.7299200000000001,1.252479565714286,0.47744043428571414,17500,0.09278149999999998,False
90,air_sealing,cold_climate,Moderate,5000,Poor,low,-17499.192284667635,0.07781714285714292,224886.1800558083,0.88,7.827285714285715,4.664,3.021332285714286,1.6426677142857136,17500,0.7050000000000001,True
91,air_sealing,cold_climate,Moderate,5000,Poor,base,-17501.326727890435,-0.12782000000000016,999.0,0.88,7.827285714285715,4.664,3.021332285714286,1.6426677142857136,17500,0.46630714285714286,False
92,air_sealing,cold_climate,Moderate,5000,Poor,high,-17504.172652187513,-0.4020028571428571,999.0,0.88,7.827285714285715,4.664,3.021332285714286,1.6426677142857136,17500,0.14805,False
93,air_sealing,cold_climate,Moderate,5000,Medium,low,-17499.622951507714,0.036325714285714406,481752.39893031144,0.78,7.345928571428572,4.134,2.8355284285714286,1.2984715714285717,17500,0.5217,True
94,air_sealing,cold_climate,Moderate,5000,Medium,base,-17501.76900511945,-0.17043000000000008,999.0,0.78,7.345928571428572,4.134,2.8355284285714286,1.2984715714285717,17500,0.34506728571428574,False
95,air_sealing,cold_climate,Moderate,5000,Medium,high,-17504.63040993508,-0.44610428571428584,999.0,0.78,7.345928571428572,4.134,2.8355284285714286,1.2984715714285717,17500,0.10955699999999999,False
96,air_sealing,cold_climate,Moderate,5000,Good,low,-17499.96672578195,0.003205714285714256,5459001.782531245,0.68,6.759928571428572,3.604,2.609332428571429,0.9946675714285709,17500,0.34545000000000003,False
97,air_sealing,cold_climate,Moderate,5000,Good,base,-17502.059220358195,-0.19839000000000007,999.0,0.68,6.759928571428572,3.604,2.609332428571429,0.9946675714285709,17500,0.2284905,False
98,air_sealing,cold_climate,Moderate,5000,Good,high,-17504.849213126523,-0.46718428571428583,999.0,0.68,6.759928571428572,3.604,2.609332428571429,0.9946675714285709,17500,0.0725445,False
99,air_sealing,cold_climate,Cold,7000,Poor,low,-17500.569967782194,-0.05491200000000007,999.0,1.4784,15.470400000000001,7.83552,5.971574400000001,1.8639455999999992,17500,0.5083333333333333,True
100,air_sealing,cold_climate,Cold,7000,Poor,base,-17505.60102955193,-0.5396160000000001,999.0,1.4784,15.470400000000001,7.83552,5.971574400000001,1.8639455999999992,17500,0.3362261904761904,False
101,air_sealing,cold_climate,Cold,7000,Poor,high,-17512.30911191158,-1.1858880000000003,999.0,1.4784,15.470400000000001,7.83552,5.971574400000001,1.8639455999999992,17500,0.10674999999999997,False
102,air_sealing,cold_climate,Cold,7000,Medium,low,-17501.17498705901,-0.1132009411764705,999.0,1.3103999999999998,14.51901176470588,6.945119999999998,5.60433854117647,1.3407814588235283,17500,0.37616666666666665,False
103,air_sealing,cold_climate,Cold,7000,Medium,base,-17506.13667852124,-0.5912216470588236,999.0,1.3103999999999998,14.51901176470588,6.945119999999998,5.60433854117647,1.3407814588235283,17500,0.2488073809523809,False
104,air_sealing,cold_climate,Cold,7000,Medium,high,-17512.752267137545,-1.2285825882352936,999.0,1.3103999999999998,14.51901176470588,6.945119999999998,5.60433854117647,1.3407814588235283,17500,0.07899499999999998,False
105,air_sealing,cold_climate,Cold,7000,Good,low,-17501.60826573507,-0.15494399999999997,999.0,1.1424,13.360800000000001,6.0547200000000005,5.157268800000001,0.8974511999999999,17500,0.24908333333333332,False
106,air_sealing,cold_climate,Cold,7000,Good,base,-17506.37178143921,-0.6138720000000002,999.0,1.1424,13.360800000000001,6.0547200000000005,5.157268800000001,0.8974511999999999,17500,0.1647508333333333,False
107,air_sealing,cold_climate,Cold,7000,Good,high,-17512.723135711407,-1.2257760000000002,999.0,1.1424,13.360800000000001,6.0547200000000005,5.157268800000001,0.8974511999999999,17500,0.052307499999999986,False
108,insulation_attic,standard,Mild,3000,Poor,low,-15499.23302796899,0.07389183999999999,209766.05806541024,0.42240000000000005,3.3003520000000006,2.2387200000000003,1.2739358720000002,0.964784128,15500,0.9016666666666666,True
109,insulation_attic,standard,Mild,3000,Poor,base,-15499.973109212326,0.002590719999999991,5982892.786561286,0.42240000000000005,3.3003520000000006,2.2387200000000003,1.2739358720000002,0.964784128,15500,0.5963880952380951,True
110,insulation_attic,standard,Mild,3000,Poor,high,-15500.959884203445,-0.09247744000000013,999.0,0.42240000000000005,3.3003520000000006,2.2387200000000003,1.2739358720000002,0.964784128,15500,0.18934999999999996,False
111,insulation_attic,standard,Mild,3000,Medium,low,-15499.563093787323,0.042092543999999954,368236.23680241365,0.3744,3.2178432000000003,1.98432,1.2420874752000002,0.7422325247999999,15500,0.6672333333333332,True
112,insulation_attic,standard,Mild,3000,Medium,base,-15500.401257318661,-0.038658048000000056,999.0,0.3744,3.2178432000000003,1.98432,1.2420874752000002,0.7422325247999999,15500,0.4413271904761904,False
113,insulation_attic,standard,Mild,3000,Medium,high,-15501.518808693783,-0.1463255040000001,999.0,0.3744,3.2178432000000003,1.98432,1.2420874752000002,0.7422325247999999,15500,0.14011899999999997,False
114,insulation_attic,standard,Mild,3000,Good,low,-15499.804404063185,0.01884415999999997,822536.0005434057,0.3264,3.0284480000000005,1.7299200000000001,1.1689809280000003,0.5609390719999998,15500,0.44181666666666664,False
115,insulation_attic,standard,Mild,3000,Good,base,-15500.674083225671,-0.06494272000000001,999.0,0.3264,3.0284480000000005,1.7299200000000001,1.1689809280000003,0.5609390719999998,15500,0.2922301666666666,False
116,insulation_attic,standard,Mild,3000,Good,high,-15501.833655442315,-0.17665856000000002,999.0,0.3264,3.0284480000000005,1.7299200000000001,1.1689809280000003,0.5609390719999998,15500,0.09278149999999998,False
117,insulation_attic,standard,Moderate,5000,Poor,low,-15498.402141602059,0.15394133333333349,100687.7078713968,0.88,6.875733333333333,4.664,2.6540330666666665,2.009966933333333,15500,0.7050000000000001,True
118,insulation_attic,standard,Moderate,5000,Poor,base,-15499.943977525681,0.005397333333333365,2871788.5375493905,0.88,6.875733333333333,4.664,2.6540330666666665,2.009966933333333,15500,0.46630714285714286,False
119,insulation_attic,standard,Moderate,5000,Poor,high,-15501.999758757182,-0.19266133333333313,999.0,0.88,6.875733333333333,4.664,2.6540330666666665,2.009966933333333,15500,0.14805,False
120,insulation_attic,standard,Moderate,5000,Medium,low,-15499.08977872359,0.08769280000000002,176753.39366515834,0.78,6.7038400000000005,4.134,2.5876822400000004,1.54631776,15500,0.5217,True
121,insulation_attic,standard,Moderate,5000,Medium,base,-15500.835952747215,-0.0805376000000001,999.0,0.78,6.7038400000000005,4.134,2.5876822400000004,1.54631776,15500,0.34506728571428574,False
122,insulation_attic,standard,Moderate,5000,Medium,high,-15503.164184778716,-0.30484480000000014,999.0,0.78,6.7038400000000005,4.134,2.5876822400000004,1.54631776,15500,0.10955699999999999,False
123,insulation_attic,standard,Moderate,5000,Good,low,-15499.592508464963,0.039258666666666664,394817.28026083414,0.68,6.309266666666667,3.604,2.4353769333333335,1.1686230666666666,15500,0.34545000000000003,False
124,insulation_attic,standard,Moderate,5000,Good,base,-15501.404340053477,-0.13529733333333338,999.0,0.68,6.309266666666667,3.604,2.4353769333333335,1.1686230666666666,15500,0.2284905,False
125,insulation_attic,standard,Moderate,5000,Good,high,-15503.820115504828,-0.3680386666666666,999.0,0.68,6.309266666666667,3.604,2.4353769333333335,1.1686230666666666,15500,0.0725445,False
126,insulation_attic,standard,Cold,7000,Poor,low,-15499.008273252584,0.09554522352941164,162226.84324170995,1.4784,13.589684705882355,7.83552,5.245618296470589,2.589901703529411,15500,0.5083333333333333,True
127,insulation_attic,standard,Cold,7000,Poor,base,-15502.868064125114,-0.2763158588235297,999.0,1.4784,13.589684705882355,7.83552,5.245618296470589,2.589901703529411,15500,0.3362261904761904,False
128,insulation_attic,standard,Cold,7000,Poor,high,-15508.014451955152,-0.772130635294118,999.0,1.4784,13.589684705882355,7.83552,5.245618296470589,2.589901703529411,15500,0.10674999999999997,False
129,insulation_attic,standard,Cold,7000,Medium,low,-15500.121186732731,-0.01167540705882364,999.0,1.3103999999999998,13.249942588235294,6.945119999999998,5.114477839058823,1.8306421609411752,15500,0.37616666666666665,False
130,insulation_attic,standard,Cold,7000,Medium,base,-15504.292527950241,-0.41355196235294156,999.0,1.3103999999999998,13.249942588235294,6.945119999999998,5.114477839058823,1.8306421609411752,15500,0.2488073809523809,False
131,insulation_attic,standard,Cold,7000,Medium,high,-15509.85431624026,-0.9493873694117649,999.0,1.3103999999999998,13.249942588235294,6.945119999999998,5.114477839058823,1.8306421609411752,15500,0.07899499999999998,False
132,insulation_attic,standard,Cold,7000,Good,low,-15500.86863621445,-0.08368640000000005,999.0,1.1424,12.470080000000001,6.0547200000000005,4.81345088,1.2412691200000001,15500,0.24908333333333332,False
133,insulation_attic,standard,Cold,7000,Good,base,-15505.077429778124,-0.48917120000000014,999.0,1.1424,12.470080000000001,6.0547200000000005,4.81345088,1.2412691200000001,15500,0.1647508333333333,False
134,insulation_attic,standard,Cold,7000,Good,high,-15510.689154529698,-1.0298176000000003,999.0,1.1424,12.470080000000001,6.0547200000000005,4.81345088,1.2412691200000001,15500,0.052307499999999986,False
135,insulation_attic,cold_climate,Mild,3000,Poor,low,-18499.428779541362,0.055032685714285656,336163.858984583,0.42240000000000005,3.5360914285714298,2.2387200000000003,1.3649312914285718,0.8737887085714284,18500,0.9016666666666666,True
136,insulation_attic,cold_climate,Mild,3000,Poor,base,-18500.315674463985,-0.03041280000000013,999.0,0.42240000000000005,3.5360914285714298,2.2387200000000003,1.3649312914285718,0.8737887085714284,18500,0.5963880952380951,True
137,insulation_attic,cold_climate,Mild,3000,Poor,high,-18501.498201027476,-0.14434011428571447,999.0,0.42240000000000005,3.5360914285714298,2.2387200000000003,1.3649312914285718,0.8737887085714284,18500,0.18934999999999996,False
138,insulation_attic,cold_climate,Mild,3000,Medium,low,-18499.753951570394,0.023704868571428506,780430.3974204718,0.3744,3.4476891428571435,1.98432,1.3308080091428574,0.6535119908571427,18500,0.6672333333333332,True
139,insulation_attic,cold_climate,Mild,3000,Medium,base,-18500.735258439025,-0.07083648000000009,999.0,0.3744,3.4476891428571435,1.98432,1.3308080091428574,0.6535119908571427,18500,0.4413271904761904,False
140,insulation_attic,cold_climate,Mild,3000,Medium,high,-18502.043667597216,-0.1968916114285716,999.0,0.3744,3.4476891428571435,1.98432,1.3308080091428574,0.6535119908571427,18500,0.14011899999999997,False
141,insulation_attic,cold_climate,Mild,3000,Good,low,-18499.984028375333,0.0015387428571428385,12022801.544860514,0.3264,3.2447657142857147,1.7299200000000001,1.252479565714286,0.47744043428571414,18500,0.44181666666666664,False
142,insulation_attic,cold_climate,Mild,3000,Good,base,-18500.98842577193,-0.09522720000000001,999.0,0.3264,3.2447657142857147,1.7299200000000001,1.252479565714286,0.47744043428571414,18500,0.2922301666666666,False
143,insulation_attic,cold_climate,Mild,3000,Good,high,-18502.327622300734,-0.22424845714285724,999.0,0.3264,3.2447657142857147,1.7299200000000001,1.252479565714286,0.47744043428571414,18500,0.09278149999999998,False
144,insulation_attic,cold_climate,Moderate,5000,Poor,low,-18498.809957377845,0.11465142857142863,161358.65231259962,0.88,7.3668571428571425,4.664,2.843606857142857,1.8203931428571427,18500,0.7050000000000001,True
145,insulation_attic,cold_climate,Moderate,5000,Poor,base,-18500.657655133295,-0.06335999999999997,999.0,0.88,7.3668571428571425,4.664,2.843606857142857,1.8203931428571427,18500,0.46630714285714286,False
146,insulation_attic,cold_climate,Moderate,5000,Poor,high,-18503.12125214057,-0.3007085714285713,999.0,0.88,7.3668571428571425,4.664,2.843606857142857,1.8203931428571427,18500,0.14805,False
147,insulation_attic,cold_climate,Moderate,5000,Medium,low,-18499.487399104975,0.049385142857142905,374606.59076182503,0.78,7.182685714285715,4.134,2.772516685714286,1.3614833142857141,18500,0.5217,True
148,insulation_attic,cold_climate,Moderate,5000,Medium,base,-18501.531788414643,-0.14757600000000015,999.0,0.78,7.182685714285715,4.134,2.772516685714286,1.3614833142857141,18500,0.34506728571428574,False
149,insulation_attic,cold_climate,Moderate,5000,Medium,high,-18504.257640827527,-0.4101908571428574,999.0,0.78,7.182685714285715,4.134,2.772516685714286,1.3614833142857141,18500,0.10955699999999999,False
150,insulation_attic,cold_climate,Moderate,5000,Good,low,-18499.96672578195,0.003205714285714256,5770944.74153303,0.68,6.759928571428572,3.604,2.609332428571429,0.9946675714285709,18500,0.34545000000000003,False
151,insulation_attic,cold_climate,Moderate,5000,Good,base,-18502.059220358195,-0.19839000000000007,999.0,0.68,6.759928571428572,3.604,2.609332428571429,0.9946675714285709,18500,0.2284905,False
152,insulation_attic,cold_climate,Moderate,5000,Good,high,-18504.849213126523,-0.46718428571428583,999.0,0.68,6.759928571428572,3.604,2.609332428571429,0.9946675714285709,18500,0.0725445,False
153,insulation_attic,cold_climate,Cold,7000,Poor,low,-18499.814309138834,0.017889882352940978,1034104.061447823,1.4784,14.560376470588237,7.83552,5.62030531764706,2.21521468235294,18500,0.5083333333333333,True
154,insulation_attic,cold_climate,Cold,7000,Poor,base,-18504.278626926054,-0.41221270588235326,999.0,1.4784,14.560376470588237,7.83552,5.62030531764706,2.21521468235294,18500,0.3362261904761904,False
155,insulation_attic,cold_climate,Cold,7000,Poor,high,-18510.231050642342,-0.9856828235294119,999.0,1.4784,14.560376470588237,7.83552,5.62030531764706,2.21521468235294,18500,0.10674999999999997,False
156,insulation_attic,cold_climate,Cold,7000,Medium,low,-18500.907071721824,-0.08738936470588232,999.0,1.3103999999999998,14.196367058823528,6.945119999999998,5.479797684705882,1.4653223152941166,18500,0.37616666666666665,False
157,insulation_attic,cold_climate,Cold,7000,Medium,base,-18505.667826681154,-0.5460513882352942,999.0,1.3103999999999998,14.196367058823528,6.945119999999998,5.479797684705882,1.4653223152941166,18500,0.2488073809523809,False
158,insulation_attic,cold_climate,Cold,7000,Medium,high,-18512.01549996027,-1.1576007529411765,999.0,1.3103999999999998,14.196367058823528,6.945119999999998,5.479797684705882,1.4653223152941166,18500,0.07899499999999998,False
159,insulation_attic,cold_climate,Cold,7000,Good,low,-18501.60826573507,-0.15494399999999997,999.0,1.1424,13.360800000000001,6.0547200000000005,5.157268800000001,0.8974511999999999,18500,0.24908333333333332,False
160,insulation_attic,cold_climate,Cold,7000,Good,base,-18506.37178143921,-0.6138720000000002,999.0,1.1424,13.360800000000001,6.0547200000000005,5.157268800000001,0.8974511999999999,18500,0.1647508333333333,False
161,insulation_attic,cold_climate,Cold,7000,Good,high,-18512.723135711407,-1.2257760000000002,999.0,1.1424,13.360800000000001,6.0547200000000005,5.157268800000001,0.8974511999999999,18500,0.052307499999999986,False
162,insulation_walls,standard,Mild,3000,Poor,low,-19999.061745343155,0.09039360000000002,221254.60209572356,0.42240000000000005,3.0940800000000004,2.2387200000000003,1.19431488,1.0444051200000002,20000,0.9016666666666666,True
163,insulation_walls,standard,Mild,3000,Poor,base,-19999.673364617138,0.03146880000000002,635550.1321944271,0.42240000000000005,3.0940800000000004,2.2387200000000003,1.19431488,1.0444051200000002,20000,0.5963880952380951,True
164,insulation_walls,standard,Mild,3000,Poor,high,-20000.48885698242,-0.04709760000000007,999.0,0.42240000000000005,3.0940800000000004,2.2387200000000003,1.19431488,1.0444051200000002,20000,0.18934999999999996,False
165,insulation_walls,standard,Mild,3000,Medium,low,-19999.472002572675,0.05086847999999994,393170.7808057175,0.3744,3.1081440000000007,1.98432,1.1997435840000004,0.7845764159999997,20000,0.6672333333333332,True
166,insulation_walls,standard,Mild,3000,Medium,base,-20000.241847693032,-0.023300160000000125,999.0,0.3744,3.1081440000000007,1.98432,1.1997435840000004,0.7845764159999997,20000,0.4413271904761904,False
167,insulation_walls,standard,Mild,3000,Medium,high,-20001.26830785351,-0.12219168000000014,999.0,0.3744,3.1081440000000007,1.98432,1.1997435840000004,0.7845764159999997,20000,0.14011899999999997,False
168,insulation_walls,standard,Mild,3000,Good,low,-19999.72499120939,0.026494976000000003,754860.0912112545,0.3264,2.9328128,1.7299200000000001,1.1320657408,0.5978542592,20000,0.44181666666666664,False
169,insulation_walls,standard,Mild,3000,Good,base,-20000.535110731533,-0.05155379199999999,999.0,0.3264,2.9328128,1.7299200000000001,1.1320657408,0.5978542592,20000,0.2922301666666666,False
170,insulation_walls,standard,Mild,3000,Good,high,-20001.615270094386,-0.15561881600000005,999.0,0.3264,2.9328128,1.7299200000000001,1.1320657408,0.5978542592,20000,0.09278149999999998,False
171,insulation_walls,standard,Moderate,5000,Poor,low,-19998.045302798255,0.18832000000000004,106202.2090059473,0.88,6.446000000000001,4.664,2.4881560000000005,2.1758439999999992,20000,0.7050000000000001,True
172,insulation_walls,standard,Moderate,5000,Poor,base,-19999.319509619014,0.06555999999999995,305064.0634533254,0.88,6.446000000000001,4.664,2.4881560000000005,2.1758439999999992,20000,0.46630714285714286,False
173,insulation_walls,standard,Moderate,5000,Poor,high,-20001.0184520467,-0.09811999999999999,999.0,0.88,6.446000000000001,4.664,2.4881560000000005,2.1758439999999992,20000,0.14805,False
174,insulation_walls,standard,Moderate,5000,Medium,low,-19998.90000535974,0.10597600000000007,188721.97478674405,0.78,6.475300000000001,4.134,2.4994658000000003,1.6345342,20000,0.5217,True
175,insulation_walls,standard,Moderate,5000,Medium,base,-20000.503849360495,-0.048542000000000085,999.0,0.78,6.475300000000001,4.134,2.4994658000000003,1.6345342,20000,0.34506728571428574,False
176,insulation_walls,standard,Moderate,5000,Medium,high,-20002.642308028142,-0.2545660000000003,999.0,0.78,6.475300000000001,4.134,2.4994658000000003,1.6345342,20000,0.10955699999999999,False
177,insulation_walls,standard,Moderate,5000,Good,low,-19999.42706501956,0.05519786666666665,362332.8437814023,0.68,6.110026666666667,3.604,2.3584702933333337,1.2455297066666664,20000,0.34545000000000003,False
178,insulation_walls,standard,Moderate,5000,Good,base,-20001.114814024022,-0.10740373333333342,999.0,0.68,6.110026666666667,3.604,2.3584702933333337,1.2455297066666664,20000,0.2284905,False
179,insulation_walls,standard,Moderate,5000,Good,high,-20003.365146029977,-0.32420586666666673,999.0,0.68,6.110026666666667,3.604,2.3584702933333337,1.2455297066666664,20000,0.0725445,False
180,insulation_walls,standard,Cold,7000,Poor,low,-19998.302991852117,0.16349364705882352,122328.91222252925,1.4784,12.740329411764707,7.83552,4.917767152941177,2.917752847058823,20000,0.5083333333333333,True
181,insulation_walls,standard,Cold,7000,Poor,base,-20001.633821674295,-0.15740611764705892,999.0,1.4784,12.740329411764707,7.83552,4.917767152941177,2.917752847058823,20000,0.3362261904761904,False
182,insulation_walls,standard,Cold,7000,Poor,high,-20006.074928103862,-0.5852724705882353,999.0,1.4784,12.740329411764707,7.83552,4.917767152941177,2.917752847058823,20000,0.10674999999999997,False
183,insulation_walls,standard,Cold,7000,Medium,low,-19999.74610526067,0.02446079999999995,817634.7462061765,1.3103999999999998,12.798239999999998,6.945119999999998,4.940120639999999,2.0049993599999993,20000,0.37616666666666665,False
184,insulation_walls,standard,Cold,7000,Medium,base,-20003.636135374127,-0.3503136,999.0,1.3103999999999998,12.798239999999998,6.945119999999998,4.940120639999999,2.0049993599999993,20000,0.2488073809523809,False
185,insulation_walls,standard,Cold,7000,Medium,high,-20008.822842192076,-0.8500128,999.0,1.3103999999999998,12.798239999999998,6.945119999999998,4.940120639999999,2.0049993599999993,20000,0.07899499999999998,False
186,insulation_walls,standard,Cold,7000,Good,low,-20000.541642110595,-0.05218304000000018,999.0,1.1424,12.076288000000003,6.0547200000000005,4.661447168000001,1.3932728319999992,20000,0.24908333333333332,False
187,insulation_walls,standard,Cold,7000,Good,base,-20004.505190096374,-0.4340403200000005,999.0,1.1424,12.076288000000003,6.0547200000000005,4.661447168000001,1.3932728319999992,20000,0.1647508333333333,False
188,insulation_walls,standard,Cold,7000,Good,high,-20009.789920744104,-0.9431833600000008,999.0,1.1424,12.076288000000003,6.0547200000000005,4.661447168000001,1.3932728319999992,20000,0.052307499999999986,False
189,insulation_walls,cold_climate,Mild,3000,Poor,low,-22999.24526244226,0.07271314285714287,316311.45479693194,0.42240000000000005,3.315085714285715,2.2387200000000003,1.279623085714286,0.9590969142857142,23000,0.9016666666666666,True
190,insulation_walls,cold_climate,Mild,3000,Poor,base,-22999.994519540553,0.0005279999999999729,43560606.06060829,0.42240000000000005,3.315085714285715,2.2387200000000003,1.279623085714286,0.9590969142857142,23000,0.5963880952380951,True
191,insulation_walls,cold_climate,Mild,3000,Poor,high,-23000.993529004947,-0.09571885714285722,999.0,0.42240000000000005,3.315085714285715,2.2387200000000003,1.279623085714286,0.9590969142857142,23000,0.18934999999999996,False
192,insulation_walls,cold_climate,Mild,3000,Medium,low,-22999.65635384041,0.03310765714285713,694703.3400991401,0.3744,3.3301542857142863,1.98432,1.2854395542857144,0.6988804457142856,23000,0.6672333333333332,True
193,insulation_walls,cold_climate,Mild,3000,Medium,base,-23000.564462411563,-0.054381600000000085,999.0,0.3744,3.3301542857142863,1.98432,1.2854395542857144,0.6988804457142856,23000,0.4413271904761904,False
194,insulation_walls,cold_climate,Mild,3000,Medium,high,-23001.77527383978,-0.17103394285714302,999.0,0.3744,3.3301542857142863,1.98432,1.2854395542857144,0.6988804457142856,23000,0.14011899999999997,False
195,insulation_walls,cold_climate,Mild,3000,Good,low,-22999.898943174845,0.009736045714285713,2362355.3827661336,0.3264,3.142299428571429,1.7299200000000001,1.2129275794285717,0.5169924205714285,23000,0.44181666666666664,False
196,insulation_walls,cold_climate,Mild,3000,Good,base,-23000.839526671072,-0.08088192,999.0,0.3264,3.142299428571429,1.7299200000000001,1.2129275794285717,0.5169924205714285,23000,0.2922301666666666,False
197,insulation_walls,cold_climate,Mild,3000,Good,high,-23002.09363799938,-0.2017058742857143,999.0,0.3264,3.142299428571429,1.7299200000000001,1.2129275794285717,0.5169924205714285,23000,0.09278149999999998,False
198,insulation_walls,cold_climate,Moderate,5000,Poor,low,-22998.427630088045,0.15148571428571433,151829.4983025273,0.88,6.906428571428572,4.664,2.6658814285714287,1.998118571428571,23000,0.7050000000000001,True
199,insulation_walls,cold_climate,Moderate,5000,Poor,base,-22999.98858237616,0.0010999999999998789,20909090.909093212,0.88,6.906428571428572,4.664,2.6658814285714287,1.998118571428571,23000,0.46630714285714286,False
200,insulation_walls,cold_climate,Moderate,5000,Poor,high,-23002.069852093646,-0.19941428571428577,999.0,0.88,6.906428571428572,4.664,2.6658814285714287,1.998118571428571,23000,0.14805,False
201,insulation_walls,cold_climate,Moderate,5000,Medium,low,-22999.284070500853,0.06897428571428577,333457.60324758687,0.78,6.9378214285714295,4.134,2.6779990714285717,1.4560009285714286,23000,0.5217,True
202,insulation_walls,cold_climate,Moderate,5000,Medium,base,-23001.175963357437,-0.11329500000000015,999.0,0.78,6.9378214285714295,4.134,2.6779990714285717,1.4560009285714286,23000,0.34506728571428574,False
203,insulation_walls,cold_climate,Moderate,5000,Medium,high,-23003.6984871662,-0.35632071428571455,999.0,0.78,6.9378214285714295,4.134,2.6779990714285717,1.4560009285714286,23000,0.10955699999999999,False
204,insulation_walls,cold_climate,Moderate,5000,Good,low,-22999.78946494759,0.020283428571428508,1133930.5837277474,0.68,6.546457142857144,3.604,2.5269324571428577,1.0770675428571423,23000,0.34545000000000003,False
205,insulation_walls,cold_climate,Moderate,5000,Good,base,-23001.74901389807,-0.1685040000000001,999.0,0.68,6.546457142857144,3.604,2.5269324571428577,1.0770675428571423,23000,0.2284905,False
206,insulation_walls,cold_climate,Moderate,5000,Good,high,-23004.361745832037,-0.4202205714285716,999.0,0.68,6.546457142857144,3.604,2.5269324571428577,1.0770675428571423,23000,0.0725445,False
207,insulation_walls,cold_climate,Cold,7000,Poor,low,-22999.058650495477,0.09069176470588247,253606.26816106235,1.4784,13.65035294117647,7.83552,5.269036235294117,2.5664837647058825,23000,0.5083333333333333,True
208,insulation_walls,cold_climate,Cold,7000,Poor,base,-23002.956224300164,-0.28480941176470576,999.0,1.4784,13.65035294117647,7.83552,5.269036235294117,2.5664837647058825,23000,0.3362261904761904,False
209,insulation_walls,cold_climate,Cold,7000,Poor,high,-23008.152989373106,-0.7854776470588232,999.0,1.4784,13.65035294117647,7.83552,5.269036235294117,2.5664837647058825,23000,0.10674999999999997,False
210,insulation_walls,cold_climate,Cold,7000,Medium,low,-23000.505198716026,-0.048671999999999827,999.0,1.3103999999999998,13.712399999999997,6.945119999999998,5.292986399999999,1.652133599999999,23000,0.37616666666666665,False
211,insulation_walls,cold_climate,Cold,7000,Medium,base,-23004.96454892103,-0.47829599999999983,999.0,1.3103999999999998,13.712399999999997,6.945119999999998,5.292986399999999,1.652133599999999,23000,0.2488073809523809,False
212,insulation_walls,cold_climate,Cold,7000,Medium,high,-23010.910349194357,-1.0511279999999994,999.0,1.3103999999999998,13.712399999999997,6.945119999999998,5.292986399999999,1.652133599999999,23000,0.07899499999999998,False
213,insulation_walls,cold_climate,Cold,7000,Good,low,-23001.257914909507,-0.12119040000000014,999.0,1.1424,12.938880000000003,6.0547200000000005,4.994407680000001,1.0603123199999995,23000,0.24908333333333332,False
214,insulation_walls,cold_climate,Cold,7000,Good,base,-23005.758667494494,-0.5548032000000003,999.0,1.1424,12.938880000000003,6.0547200000000005,4.994407680000001,1.0603123199999995,23000,0.1647508333333333,False
215,insulation_walls,cold_climate,Cold,7000,Good,high,-23011.759670941123,-1.1329536000000004,999.0,1.1424,12.938880000000003,6.0547200000000005,4.994407680000001,1.0603123199999995,23000,0.052307499999999986,False
216,windows,standard,Mild,3000,Poor,low,-23999.404310594815,0.05739008000000001,418190.7395842626,0.42240000000000005,3.5066240000000004,2.2387200000000003,1.3535568640000002,0.8851631360000001,24000,0.9016666666666666,True
217,windows,standard,Mild,3000,Poor,base,-24000.27285380753,-0.026287359999999982,999.0,0.42240000000000005,3.5066240000000004,2.2387200000000003,1.3535568640000002,0.8851631360000001,24000,0.5963880952380951,True
218,windows,standard,Mild,3000,Poor,high,-24001.43091142447,-0.13785728000000008,999.0,0.42240000000000005,3.5066240000000004,2.2387200000000003,1.3535568640000002,0.8851631360000001,24000,0.18934999999999996,False
219,windows,standard,Mild,3000,Medium,low,-23999.623821263758,0.03624191999999998,662216.5713074807,0.3744,3.2909760000000006,1.98432,1.2703167360000003,0.7140032639999998,24000,0.6672333333333332,True
220,windows,standard,Mild,3000,Medium,base,-24000.50753040242,-0.0488966400000001,999.0,0.3744,3.2909760000000006,1.98432,1.2703167360000003,0.7140032639999998,24000,0.4413271904761904,False
221,windows,standard,Mild,3000,Medium,high,-24001.685809253966,-0.16241472000000012,999.0,0.3744,3.2909760000000006,1.98432,1.2703167360000003,0.7140032639999998,24000,0.14011899999999997,False
222,windows,standard,Mild,3000,Good,low,-23999.80440406318,0.01884415999999997,1273604.1298736604,0.3264,3.0284480000000005,1.7299200000000001,1.1689809280000003,0.5609390719999998,24000,0.44181666666666664,False
223,windows,standard,Mild,3000,Good,base,-24000.674083225666,-0.06494272000000001,999.0,0.3264,3.0284480000000005,1.7299200000000001,1.1689809280000003,0.5609390719999998,24000,0.2922301666666666,False
224,windows,standard,Mild,3000,Good,high,-24001.83365544232,-0.17665856000000002,999.0,0.3264,3.0284480000000005,1.7299200000000001,1.1689809280000003,0.5609390719999998,24000,0.09278149999999998,False
225,windows,standard,Moderate,5000,Poor,low,-23998.758980405873,0.1195626666666667,200731.555000446,0.88,7.305466666666667,4.664,2.8199101333333334,1.8440898666666663,24000,0.7050000000000001,True
226,windows,standard,Moderate,5000,Poor,base,-24000.568445432353,-0.054765333333333444,999.0,0.88,7.305466666666667,4.664,2.8199101333333334,1.8440898666666663,24000,0.46630714285714286,False
227,windows,standard,Moderate,5000,Poor,high,-24002.981065467655,-0.2872026666666667,999.0,0.88,7.305466666666667,4.664,2.8199101333333334,1.8440898666666663,24000,0.14805,False
228,windows,standard,Moderate,5000,Medium,low,-23999.21629429949,0.07550400000000013,317863.95422759006,0.78,6.8562,4.134,2.6464932,1.4875068000000002,24000,0.5217,True
229,windows,standard,Moderate,5000,Medium,base,-24001.05735500504,-0.10186800000000007,999.0,0.78,6.8562,4.134,2.6464932,1.4875068000000002,24000,0.34506728571428574,False
230,windows,standard,Moderate,5000,Medium,high,-24003.51210261243,-0.3383640000000001,999.0,0.78,6.8562,4.134,2.6464932,1.4875068000000002,24000,0.10955699999999999,False
231,windows,standard,Moderate,5000,Good,low,-23999.592508464968,0.039258666666666664,611329.9823393561,0.68,6.309266666666667,3.604,2.4353769333333335,1.1686230666666666,24000,0.34545000000000003,False
232,windows,standard,Moderate,5000,Good,base,-24001.40434005348,-0.13529733333333338,999.0,0.68,6.309266666666667,3.604,2.4353769333333335,1.1686230666666666,24000,0.2284905,False
233,windows,standard,Moderate,5000,Good,high,-24003.820115504826,-0.3680386666666666,999.0,0.68,6.309266666666667,3.604,2.4353769333333335,1.1686230666666666,24000,0.0725445,False
234,windows,standard,Cold,7000,Poor,low,-23999.713554653055,0.027596799999999755,869666.0482374845,1.4784,14.439040000000002,7.83552,5.573469440000001,2.2620505599999987,24000,0.5083333333333333,True
235,windows,standard,Cold,7000,Poor,base,-24004.102306575933,-0.3952256000000003,999.0,1.4784,14.439040000000002,7.83552,5.573469440000001,2.2620505599999987,24000,0.3362261904761904,False
236,windows,standard,Cold,7000,Poor,high,-24009.953975806442,-0.9589888000000006,999.0,1.4784,14.439040000000002,7.83552,5.573469440000001,2.2620505599999987,24000,0.10674999999999997,False
237,windows,standard,Cold,7000,Medium,low,-24000.371241047444,-0.03576621176470596,999.0,1.3103999999999998,13.551077647058822,6.945119999999998,5.230715971764705,1.7144040282352933,24000,0.37616666666666665,False
238,windows,standard,Cold,7000,Medium,base,-24004.730123000987,-0.45571087058823534,999.0,1.3103999999999998,13.551077647058822,6.945119999999998,5.230715971764705,1.7144040282352933,24000,0.2488073809523809,False
239,windows,standard,Cold,7000,Medium,high,-24010.541965605713,-1.0156370823529413,999.0,1.3103999999999998,13.551077647058822,6.945119999999998,5.230715971764705,1.7144040282352933,24000,0.07899499999999998,False
240,windows,standard,Cold,7000,Good,low,-24000.868636214447,-0.08368640000000005,999.0,1.1424,12.470080000000001,6.0547200000000005,4.81345088,1.2412691200000001,24000,0.24908333333333332,False
241,windows,standard,Cold,7000,Good,base,-24005.077429778124,-0.48917120000000014,999.0,1.1424,12.470080000000001,6.0547200000000005,4.81345088,1.2412691200000001,24000,0.1647508333333333,False
242,windows,standard,Cold,7000,Good,high,-24010.6891545297,-1.0298176000000003,999.0,1.1424,12.470080000000001,6.0547200000000005,4.81345088,1.2412691200000001,24000,0.052307499999999986,False
243,windows,cold_climate,Mild,3000,Poor,low,-26999.61229664046,0.03735222857142856,722848.4358936704,0.42240000000000005,3.7570971428571434,2.2387200000000003,1.4502394971428574,0.7884805028571429,27000,0.9016666666666666,True
244,windows,cold_climate,Mild,3000,Poor,base,-27000.636829387415,-0.061353600000000064,999.0,0.42240000000000005,3.7570971428571434,2.2387200000000003,1.4502394971428574,0.7884805028571429,27000,0.5963880952380951,True
245,windows,cold_climate,Mild,3000,Poor,high,-27002.002873050005,-0.1929613714285715,999.0,0.42240000000000005,3.7570971428571434,2.2387200000000003,1.4502394971428574,0.7884805028571429,27000,0.18934999999999996,False
246,windows,cold_climate,Mild,3000,Medium,low,-26999.81901672371,0.017436342857142795,1548489.8537045831,0.3744,3.5260457142857153,1.98432,1.361053645714286,0.623266354285714,27000,0.6672333333333332,True
247,windows,cold_climate,Mild,3000,Medium,base,-27000.849122457334,-0.08180640000000017,999.0,0.3744,3.5260457142857153,1.98432,1.361053645714286,0.623266354285714,27000,0.4413271904761904,False
248,windows,cold_climate,Mild,3000,Medium,high,-27002.222596768843,-0.21413005714285738,999.0,0.3744,3.5260457142857153,1.98432,1.361053645714286,0.623266354285714,27000,0.14011899999999997,False
249,windows,cold_climate,Mild,3000,Good,low,-26999.984028375333,0.0015387428571428385,17546791.44385048,0.3264,3.2447657142857147,1.7299200000000001,1.252479565714286,0.47744043428571414,27000,0.44181666666666664,False
250,windows,cold_climate,Mild,3000,Good,base,-27000.98842577193,-0.09522720000000001,999.0,0.3264,3.2447657142857147,1.7299200000000001,1.252479565714286,0.47744043428571414,27000,0.2922301666666666,False
251,windows,cold_climate,Mild,3000,Good,high,-27002.327622300734,-0.22424845714285724,999.0,0.3264,3.2447657142857147,1.7299200000000001,1.252479565714286,0.47744043428571414,27000,0.09278149999999998,False
252,windows,cold_climate,Moderate,5000,Poor,low,-26999.192284667635,0.07781714285714292,346967.2492289614,0.88,7.827285714285715,4.664,3.021332285714286,1.6426677142857136,27000,0.7050000000000001,True
253,windows,cold_climate,Moderate,5000,Poor,base,-27001.326727890435,-0.12782000000000016,999.0,0.88,7.827285714285715,4.664,3.021332285714286,1.6426677142857136,27000,0.46630714285714286,False
254,windows,cold_climate,Moderate,5000,Poor,high,-27004.172652187513,-0.4020028571428571,999.0,0.88,7.827285714285715,4.664,3.021332285714286,1.6426677142857136,27000,0.14805,False
255,windows,cold_climate,Moderate,5000,Medium,low,-26999.622951507714,0.036325714285714406,743275.1297781948,0.78,7.345928571428572,4.134,2.8355284285714286,1.2984715714285717,27000,0.5217,True
256,windows,cold_climate,Moderate,5000,Medium,base,-27001.76900511945,-0.17043000000000008,999.0,0.78,7.345928571428572,4.134,2.8355284285714286,1.2984715714285717,27000,0.34506728571428574,False
257,windows,cold_climate,Moderate,5000,Medium,high,-27004.63040993508,-0.44610428571428584,999.0,0.78,7.345928571428572,4.134,2.8355284285714286,1.2984715714285717,27000,0.10955699999999999,False
258,windows,cold_climate,Moderate,5000,Good,low,-26999.96672578195,0.003205714285714256,8422459.893048206,0.68,6.759928571428572,3.604,2.609332428571429,0.9946675714285709,27000,0.34545000000000003,False
259,windows,cold_climate,Moderate,5000,Good,base,-27002.059220358195,-0.19839000000000007,999.0,0.68,6.759928571428572,3.604,2.609332428571429,0.9946675714285709,27000,0.2284905,False
260,windows,cold_climate,Moderate,5000,Good,high,-27004.849213126523,-0.46718428571428583,999.0,0.68,6.759928571428572,3.604,2.609332428571429,0.9946675714285709,27000,0.0725445,False
261,windows,cold_climate,Cold,7000,Poor,low,-27000.569967782194,-0.05491200000000007,999.0,1.4784,15.470400000000001,7.83552,5.971574400000001,1.8639455999999992,27000,0.5083333333333333,True
262,windows,cold_climate,Cold,7000,Poor,base,-27005.60102955193,-0.5396160000000001,999.0,1.4784,15.470400000000001,7.83552,5.971574400000001,1.8639455999999992,27000,0.3362261904761904,False
263,windows,cold_climate,Cold,7000,Poor,high,-27012.30911191158,-1.1858880000000003,999.0,1.4784,15.470400000000001,7.83552,5.971574400000001,1.8639455999999992,27000,0.10674999999999997,False
264,windows,cold_climate,Cold,7000,Medium,low,-27001.17498705901,-0.1132009411764705,999.0,1.3103999999999998,14.51901176470588,6.945119999999998,5.60433854117647,1.3407814588235283,27000,0.37616666666666665,False
265,windows,cold_climate,Cold,7000,Medium,base,-27006.13667852124,-0.5912216470588236,999.0,1.3103999999999998,14.51901176470588,6.945119999999998,5.60433854117647,1.3407814588235283,27000,0.2488073809523809,False
266,windows,cold_climate,Cold,7000,Medium,high,-27012.752267137545,-1.2285825882352936,999.0,1.3103999999999998,14.51901176470588,6.945119999999998,5.60433854117647,1.3407814588235283,27000,0.07899499999999998,False
267,windows,cold_climate,Cold,7000,Good,low,-27001.60826573507,-0.15494399999999997,999.0,1.1424,13.360800000000001,6.0547200000000005,5.157268800000001,0.8974511999999999,27000,0.24908333333333332,False
268,windows,cold_climate,Cold,7000,Good,base,-27006.37178143921,-0.6138720000000002,999.0,1.1424,13.360800000000001,6.0547200000000005,5.157268800000001,0.8974511999999999,27000,0.1647508333333333,False
269,windows,cold_climate,Cold,7000,Good,high,-27012.723135711407,-1.2257760000000002,999.0,1.1424,13.360800000000001,6.0547200000000005,5.157268800000001,0.8974511999999999,27000,0.052307499999999986,False
270,comprehensive,standard,Mild,3000,Poor,low,-31998.54789746568,0.13989888000000003,228736.64178012,0.42240000000000005,2.475264,2.2387200000000003,0.9554519040000001,1.283268096,32000,0.9016666666666666,True
271,comprehensive,standard,Mild,3000,Poor,base,-31998.77413083153,0.11810304000000005,270949.8417652923,0.42240000000000005,2.475264,2.2387200000000003,0.9554519040000001,1.283268096,32000,0.5963880952380951,True
272,comprehensive,standard,Mild,3000,Poor,high,-31999.075775319332,0.08904192,359381.28917256056,0.42240000000000005,2.475264,2.2387200000000003,0.9554519040000001,1.283268096,32000,0.18934999999999996,False
273,comprehensive,standard,Mild,3000,Medium,low,-31999.168365190526,0.08012160000000002,399392.92275740864,0.3744,2.74248,1.98432,1.05859728,0.92572272,32000,0.6672333333333332,True
274,comprehensive,standard,Mild,3000,Medium,base,-31999.710482274277,0.027892799999999995,1147249.4693971206,0.3744,2.74248,1.98432,1.05859728,0.92572272,32000,0.4413271904761904,False
275,comprehensive,standard,Mild,3000,Medium,high,-32000.433305052604,-0.04174560000000005,999.0,0.3744,2.74248,1.98432,1.05859728,0.92572272,32000,0.14011899999999997,False
276,comprehensive,standard,Mild,3000,Good,low,-31999.619107404334,0.036696064,872028.1281393012,0.3264,2.8052992000000003,1.7299200000000001,1.0828454912,0.6470745088000001,32000,0.44181666666666664,False
277,comprehensive,standard,Mild,3000,Good,base,-32000.34981407268,-0.03370188800000001,999.0,0.3264,2.8052992000000003,1.7299200000000001,1.0828454912,0.6470745088000001,32000,0.2922301666666666,False
278,comprehensive,standard,Mild,3000,Good,high,-32001.324089630474,-0.12756582400000005,999.0,0.3264,2.8052992000000003,1.7299200000000001,1.0828454912,0.6470745088000001,32000,0.09278149999999998,False
279,comprehensive,standard,Moderate,5000,Poor,low,-31996.974786386825,0.29145600000000005,109793.5880544576,0.88,5.1568000000000005,4.664,1.9905248000000002,2.6734751999999995,32000,0.7050000000000001,True
280,comprehensive,standard,Moderate,5000,Poor,base,-31997.446105899016,0.24604799999999993,130055.92404734039,0.88,5.1568000000000005,4.664,1.9905248000000002,2.6734751999999995,32000,0.46630714285714286,False
281,comprehensive,standard,Moderate,5000,Poor,high,-31998.07453191529,0.1855039999999999,172503.01880282914,0.88,5.1568000000000005,4.664,1.9905248000000002,2.6734751999999995,32000,0.14805,False
282,comprehensive,standard,Moderate,5000,Medium,low,-31998.267427480267,0.16692000000000012,191708.60292355606,0.78,5.7135,4.134,2.205411,1.9285890000000006,32000,0.5217,True
283,comprehensive,standard,Moderate,5000,Medium,base,-31999.396838071403,0.058109999999999995,550679.7453106178,0.78,5.7135,4.134,2.205411,1.9285890000000006,32000,0.34506728571428574,False
284,comprehensive,standard,Moderate,5000,Medium,high,-32000.902718859576,-0.08696999999999999,999.0,0.78,5.7135,4.134,2.205411,1.9285890000000006,32000,0.10955699999999999,False
285,comprehensive,standard,Moderate,5000,Good,low,-31999.20647375903,0.07645013333333334,418573.50150686456,0.68,5.844373333333333,3.604,2.2559281066666665,1.3480718933333335,32000,0.34545000000000003,False
286,comprehensive,standard,Moderate,5000,Good,base,-32000.728779318084,-0.07021226666666669,999.0,0.68,5.844373333333333,3.604,2.2559281066666665,1.3480718933333335,32000,0.2284905,False
287,comprehensive,standard,Moderate,5000,Good,high,-32002.758520063497,-0.2657621333333333,999.0,0.68,5.844373333333333,3.604,2.2559281066666665,1.3480718933333335,32000,0.0725445,False
288,comprehensive,standard,Cold,7000,Poor,low,-31996.187147650704,0.36733891764705884,87113.01324937688,1.4784,10.192263529411765,7.83552,3.934213722352941,3.9013062776470586,32000,0.5083333333333333,True
289,comprehensive,standard,Cold,7000,Poor,base,-31997.93109432183,0.19932310588235302,160543.3542606317,1.4784,10.192263529411765,7.83552,3.934213722352941,3.9013062776470586,32000,0.3362261904761904,False
290,comprehensive,standard,Cold,7000,Poor,high,-32000.256356549995,-0.024697976470588134,999.0,1.4784,10.192263529411765,7.83552,3.934213722352941,3.9013062776470586,32000,0.10674999999999997,False
291,comprehensive,standard,Cold,7000,Medium,low,-31998.495833687095,0.14491482352941176,220819.36975553998,1.3103999999999998,11.292564705882352,6.945119999999998,4.358929976470588,2.5861900235294106,32000,0.37616666666666665,False
292,comprehensive,standard,Cold,7000,Medium,base,-32001.448160120402,-0.13951905882352955,999.0,1.3103999999999998,11.292564705882352,6.945119999999998,4.358929976470588,2.5861900235294106,32000,0.2488073809523809,False
293,comprehensive,standard,Cold,7000,Medium,high,-32005.38459536479,-0.5187642352941175,999.0,1.3103999999999998,11.292564705882352,6.945119999999998,4.358929976470588,2.5861900235294106,32000,0.07899499999999998,False
294,comprehensive,standard,Cold,7000,Good,low,-32000.10564997212,-0.010178559999999948,999.0,1.1424,11.551232,6.0547200000000005,4.4587755520000005,1.595944448,32000,0.24908333333333332,False
295,comprehensive,standard,Cold,7000,Good,base,-32003.742203854064,-0.36053248000000004,999.0,1.1424,11.551232,6.0547200000000005,4.4587755520000005,1.595944448,32000,0.1647508333333333,False
296,comprehensive,standard,Cold,7000,Good,high,-32008.590942363306,-0.8276710400000002,999.0,1.1424,11.551232,6.0547200000000005,4.4587755520000005,1.595944448,32000,0.052307499999999986,False
297,comprehensive,cold_climate,Mild,3000,Poor,low,-34998.694711144955,0.1257545142857143,278320.0284999709,0.42240000000000005,2.652068571428572,2.2387200000000003,1.0236984685714288,1.2150215314285715,35000,0.9016666666666666,True
298,comprehensive,cold_climate,Mild,3000,Poor,base,-34999.03105477028,0.0933504,374931.4411079117,0.42240000000000005,2.652068571428572,2.2387200000000003,1.0236984685714288,1.2150215314285715,35000,0.5963880952380951,True
299,comprehensive,cold_climate,Mild,3000,Poor,high,-34999.47951293735,0.050144914285714215,697977.0630492662,0.42240000000000005,2.652068571428572,2.2387200000000003,1.0236984685714288,1.2150215314285715,35000,0.18934999999999996,False
300,comprehensive,cold_climate,Mild,3000,Medium,low,-34999.33102807382,0.06445028571428571,543054.2256268398,0.3744,2.9383714285714286,1.98432,1.1342113714285715,0.8501086285714285,35000,0.6672333333333332,True
301,comprehensive,cold_climate,Mild,3000,Medium,base,-34999.995142320025,0.00046799999999996844,74786324.78632984,0.3744,2.9383714285714286,1.98432,1.1342113714285715,0.8501086285714285,35000,0.4413271904761904,False
302,comprehensive,cold_climate,Mild,3000,Medium,high,-35000.880627981656,-0.0848417142857143,999.0,0.3744,2.9383714285714286,1.98432,1.1342113714285715,0.8501086285714285,35000,0.14011899999999997,False
303,comprehensive,cold_climate,Mild,3000,Good,low,-34999.785496240846,0.020665782857142823,1693620.8147518963,0.3264,3.005677714285715,1.7299200000000001,1.160191597714286,0.5697284022857141,35000,0.44181666666666664,False
304,comprehensive,cold_climate,Mild,3000,Good,base,-35000.64099453659,-0.06175488000000007,999.0,0.3264,3.005677714285715,1.7299200000000001,1.160191597714286,0.5697284022857141,35000,0.2922301666666666,False
305,comprehensive,cold_climate,Mild,3000,Good,high,-35001.78165893091,-0.17164909714285725,999.0,0.3264,3.005677714285715,1.7299200000000001,1.160191597714286,0.5697284022857141,35000,0.09278149999999998,False
306,comprehensive,cold_climate,Moderate,5000,Poor,low,-34997.280648218664,0.26198857142857146,133593.613679986,0.88,5.525142857142858,4.664,2.132705142857143,2.5312948571428566,35000,0.7050000000000001,True
307,comprehensive,cold_climate,Moderate,5000,Poor,base,-34997.98136410473,0.19447999999999988,179967.09173179773,0.88,5.525142857142858,4.664,2.132705142857143,2.5312948571428566,35000,0.46630714285714286,False
308,comprehensive,cold_climate,Moderate,5000,Poor,high,-34998.91565195284,0.10446857142857136,335028.9902636475,0.88,5.525142857142858,4.664,2.132705142857143,2.5312948571428566,35000,0.14805,False
309,comprehensive,cold_climate,Moderate,5000,Medium,low,-34998.60630848714,0.13427142857142865,260666.02830088293,0.78,6.121607142857143,4.134,2.362940357142857,1.7710596428571432,35000,0.5217,True
310,comprehensive,cold_climate,Moderate,5000,Medium,base,-34999.98987983342,0.0009749999999999481,35897435.8974378,0.78,6.121607142857143,4.134,2.362940357142857,1.7710596428571432,35000,0.34506728571428574,False
311,comprehensive,cold_climate,Moderate,5000,Medium,high,-35001.83464162844,-0.1767535714285715,999.0,0.78,6.121607142857143,4.134,2.362940357142857,1.7710596428571432,35000,0.10955699999999999,False
312,comprehensive,cold_climate,Moderate,5000,Good,low,-34999.553117168434,0.04305371428571436,812937.9910809074,0.68,6.2618285714285715,3.604,2.417065828571429,1.1869341714285713,35000,0.34545000000000003,False
313,comprehensive,cold_climate,Moderate,5000,Good,base,-35001.33540528455,-0.128656,999.0,0.68,6.2618285714285715,3.604,2.417065828571429,1.1869341714285713,35000,0.2284905,False
314,comprehensive,cold_climate,Moderate,5000,Good,high,-35003.71178943938,-0.35760228571428576,999.0,0.68,6.2618285714285715,3.604,2.417065828571429,1.1869341714285713,35000,0.0725445,False
315,comprehensive,cold_climate,Cold,7000,Poor,low,-34996.7916745654,0.30909741176470595,113232.91191659356,1.4784,10.920282352941175,7.83552,4.215228988235293,3.6202910117647065,35000,0.5083333333333333,True
316,comprehensive,cold_climate,Cold,7000,Poor,base,-34998.989016422536,0.09740047058823542,359341.1796536792,1.4784,10.920282352941175,7.83552,4.215228988235293,3.6202910117647065,35000,0.3362261904761904,False
317,comprehensive,cold_climate,Cold,7000,Poor,high,-35001.91880556538,-0.18486211764705862,999.0,1.4784,10.920282352941175,7.83552,4.215228988235293,3.6202910117647065,35000,0.10674999999999997,False
318,comprehensive,cold_climate,Cold,7000,Medium,low,-34999.16562203009,0.08038588235294108,435399.83608476806,1.3103999999999998,12.099176470588235,6.945119999999998,4.670282117647059,2.27483788235294,35000,0.37616666666666665,False
319,comprehensive,cold_climate,Cold,7000,Medium,base,-35002.62028972062,-0.2524447058823531,999.0,1.3103999999999998,12.099176470588235,6.945119999999998,4.670282117647059,2.27483788235294,35000,0.2488073809523809,False
320,comprehensive,cold_climate,Cold,7000,Medium,high,-35007.22651330798,-0.6962188235294118,999.0,1.3103999999999998,12.099176470588235,6.945119999999998,4.670282117647059,2.27483788235294,35000,0.07899499999999998,False
321,comprehensive,cold_climate,Cold,7000,Good,low,-35000.79078047542,-0.07618559999999996,999.0,1.1424,12.37632,6.0547200000000005,4.77725952,1.2774604800000002,35000,0.24908333333333332,False
322,comprehensive,cold_climate,Cold,7000,Good,base,-35004.94118223486,-0.47604479999999993,999.0,1.1424,12.37632,6.0547200000000005,4.77725952,1.2774604800000002,35000,0.1647508333333333,False
323,comprehensive,cold_climate,Cold,7000,Good,high,-35010.4750512474,-1.0091904,999.0,1.1424,12.37632,6.0547200000000005,4.77725952,1.2774604800000002,35000,0.052307499999999986,False
